{"cameraMode":{"drawMode":0,"name":"Shaded","section":"Shading Mode"},"sceneLighting":true,"audioPlay":false,"sceneViewState":{"m_AlwaysRefresh":false,"showFog":true,"showSkybox":true,"showFlares":true,"showImageEffects":true,"showParticleSystems":true,"showVisualEffectGraphs":true,"m_FxEnabled":true},"in2DMode":false,"pivot":{"x":152.89364624023438,"y":12.853352546691895,"z":143.99693298339845},"rotation":{"x":0.1421586573123932,"y":0.6997794508934021,"z":-0.14479957520961762,"w":0.6851257085800171},"size":1.4735980033874512,"orthographic":false}