{"cameraMode":{"drawMode":0,"name":"Shaded","section":"Shading Mode"},"sceneLighting":true,"audioPlay":false,"sceneViewState":{"m_AlwaysRefresh":false,"showFog":true,"showSkybox":true,"showFlares":true,"showImageEffects":true,"showParticleSystems":true,"showVisualEffectGraphs":true,"m_FxEnabled":true},"in2DMode":false,"pivot":{"x":154.2776336669922,"y":12.076870918273926,"z":147.94064331054688},"rotation":{"x":-0.03479444235563278,"y":0.9580049514770508,"z":-0.13342586159706117,"w":-0.2519439160823822},"size":0.7286490201950073,"orthographic":false}