{"cameraMode":{"drawMode":0,"name":"Shaded","section":"Shading Mode"},"sceneLighting":false,"audioPlay":false,"sceneViewState":{"m_AlwaysRefresh":false,"showFog":true,"showSkybox":false,"showFlares":true,"showImageEffects":true,"showParticleSystems":true,"showVisualEffectGraphs":true,"m_FxEnabled":true},"in2DMode":false,"pivot":{"x":-0.0010638236999511719,"y":-1.682807445526123,"z":-0.1474306583404541},"rotation":{"x":-0.08908327668905258,"y":0.9107562303543091,"z":-0.28061527013778689,"w":-0.2899414896965027},"size":3.691267728805542,"orthographic":false}