{"cameraMode":{"drawMode":0,"name":"Shaded","section":"Shading Mode"},"sceneLighting":true,"audioPlay":false,"sceneViewState":{"m_AlwaysRefresh":false,"showFog":true,"showSkybox":true,"showFlares":true,"showImageEffects":true,"showParticleSystems":true,"showVisualEffectGraphs":true,"m_FxEnabled":true},"in2DMode":false,"pivot":{"x":-9.021597862243653,"y":-25.12411880493164,"z":-44.260215759277347},"rotation":{"x":-0.204359769821167,"y":0.0005842862301506102,"z":-0.00012211938155815005,"w":-0.9788961410522461},"size":55.68095779418945,"orthographic":false}