{"cameraMode":{"drawMode":0,"name":"Shaded","section":"Shading Mode"},"sceneLighting":true,"audioPlay":false,"sceneViewState":{"m_AlwaysRefresh":false,"showFog":true,"showSkybox":true,"showFlares":true,"showImageEffects":true,"showParticleSystems":true,"showVisualEffectGraphs":true,"m_FxEnabled":true},"in2DMode":false,"pivot":{"x":-10.379081726074219,"y":-40.95049285888672,"z":-52.52888107299805},"rotation":{"x":-0.2684629559516907,"y":0.009244468994438649,"z":-0.0025766193866729738,"w":-0.963242769241333},"size":52.669551849365237,"orthographic":false}