{"cameraMode":{"drawMode":0,"name":"Shaded","section":"Shading Mode"},"sceneLighting":false,"audioPlay":false,"sceneViewState":{"m_AlwaysRefresh":false,"showFog":true,"showSkybox":false,"showFlares":true,"showImageEffects":true,"showParticleSystems":true,"showVisualEffectGraphs":true,"m_FxEnabled":true},"in2DMode":false,"pivot":{"x":-0.05623380094766617,"y":0.11280062794685364,"z":-0.9718713760375977},"rotation":{"x":0.00010341786401113495,"y":0.9976195096969605,"z":-0.06894519925117493,"w":0.0014964306028559805},"size":1.1887649297714234,"orthographic":true}